State,DISCOM,Total Number of consumers (Millions),Total Electricity Sales (MU),Total Revenue (Rs. Crore),AT&C Losses (%),Average power purchase cost (Rs./kWh),Average Cost of Supply (Rs./kWh),Average Billing Rate (Rs./kWh),Profit/(Loss) of the DISCOM (Rs. Crore)
Andaman and Nicobar Islands,"Electricity Department, UT of Andaman & Nicobar",0.12,239.09,120.03,N.A.,13.32,24.18,5.02,-458.01
Andhra Pradesh,Andhra Pradesh Eastern Power Distribution Company Limited,5.92,15185.99,7035.01,8.43,3.64,6.10,4.63,-471.90
Andhra Pradesh,Andhra Pradesh Southern Power Distribution Company Limited,9.28,28709.57,11599.23,11.84,3.54,6.39,4.04,-3429.88
Andhra Pradesh,Andhra Pradesh Central Power Distribution Company Limited,N.A.,N.A.,N.A.,N.A.,N.A.,N.A.,N.A.,N.A.
Arunachal Pradesh,Department of Power Arunachal Pradesh,0.22,427.56,149.20,57.74,2.27,9.08,3.49,-235.97
Assam,Assam Power Distribution Company Limited,3.85,6201.00,4219.39,26.02,3.37,6.72,6.80,-354.52
Bihar,North Bihar Power Distribution Company Limited,4.64,6419.68,2620.87,32.98,3.74,6.92,4.08,269.89
Bihar,South Bihar Power Distribution Company Limited,2.81,7086.78,3204.10,46.22,3.83,10.04,4.52,-455.57
Chandigarh,Chandigarh Electricity Department,0.22,1491.33,617.13,N.A.,3.32,6.28,4.14,-275.85
Chhattisgarh,Chhattisgarh State Power Distribution Company Limited,4.43,18620.45,9300.10,26.36,2.62,6.09,4.99,-517.03
Dadra and Nagar Haveli,DNH Power Distribution Corporation Ltd,0.07,4772.40,2071.05,N.A.,3.60,4.19,4.34,383.89
Daman and Diu,Electricity Department Daman And Diu,0.06,1691.97,835.67,13.25,2.97,3.57,4.94,184.19
Delhi,New Delhi Municipal Council,0.08,1302.11,1146.05,10.70,5.20,9.50,8.80,-91.00
Delhi,BSES Rajdhani Power Limited,2.23,10505.38,9075.54,12.08,4.17,6.14,8.64,1702.07
Delhi,BSES Yamuna Power Limited,1.52,5676.27,4868.60,15.96,3.52,5.89,8.58,1136.87
Delhi,Tata Power Delhi Distribution Limited,1.47,7847.43,6860.66,9.37,4.01,6.25,8.74,1159.05
Goa,"Electricity Department, Government of Goa",0.62,3420.90,1370.86,19.77,2.32,4.43,4.01,-144.48
Gujarat,Uttar Gujarat Vij Company Limited,3.20,17729.60,8267.67,11.04,3.10,5.03,4.66,54.86
Gujarat,Madhya Gujarat Vij Company Limited,2.89,8674.89,4968.22,11.81,3.10,5.99,5.73,-47.24
Gujarat,Paschim Gujarat Vij Company Limited,4.72,21954.00,11231.81,24.71,3.10,5.55,5.12,-299.95
Gujarat,Dakshin Gujarat Vij Company Limited,2.86,16941.00,10620.78,14.39,3.10,6.61,6.27,53.77
Gujarat,Torrent Power Limited,N.A.,10184.97,7008.12,N.A.,5.20,18.42,6.88,-483.39
Haryana,Uttar Haryana Bijli Vitran Nigam,2.73,13459.00,7835.80,32.84,3.80,9.48,5.82,-1055.20
Haryana,Dakshin Haryana Bijli Vitran Nigam,3.02,18777.40,11407.46,26.89,3.79,8.33,6.08,-471.57
Himachal Pradesh,Himachal Pradesh State Electricity Board Limited,2.26,7745.00,4142.73,9.68,2.57,6.05,5.35,-31.03
Jammu and Kashmir,J&K Power Development Department,0.85,2535.63,615.84,70.70,2.78,7.60,2.43,-2806.46
Jammu and Kashmir,Jammu Power Distribution Corporation Limited,N.A.,N.A.,N.A.,N.A.,N.A.,N.A.,N.A.,N.A.
Jammu and Kashmir,Kashmir Power Distribution Corporation Limited,N.A.,N.A.,N.A.,N.A.,N.A.,N.A.,N.A.,N.A.
Jharkhand,Jharkhand Bijli Vitran Nigam Limited,2.83,8245.71,3189.66,33.00,4.07,5.54,3.87,-855.18
Jharkhand,"Damodar Valley Corporation, Jharkhand",N.A.,N.A.,N.A.,N.A.,5.35,N.A.,N.A.,N.A.
Karnataka,Hubli Electricity Supply Company Limited,4.25,10092.02,5560.71,16.89,2.45,5.93,5.51,-372.73
Karnataka,Mangalore Electricity Supply Company Limited,2.15,4309.16,2308.93,12.71,3.24,6.40,5.36,11.11
Karnataka,Bangalore Electricity Supply Company Limited,10.15,24555.70,14226.85,13.07,3.38,6.01,5.79,108.01
Karnataka,Chamundeshwari Electricity Supply Corporation Limited,2.85,5405.25,2750.56,13.60,2.86,5.52,5.09,7.93
Karnataka,Gulbarga Electricity Supply Company Limited,2.75,6507.79,4054.01,18.84,2.82,6.09,6.23,-490.97
Kerala,Kerala State Electricity Board,11.67,19378.55,10487.70,15.81,3.56,5.88,5.41,-202.98
Ladakh,Ladakh Power Development Department,N.A.,N.A.,N.A.,N.A.,N.A.,N.A.,N.A.,N.A.
Lakshadweep,"Department of Electricity, UT of Lakshadweep",0.02,50.65,16.73,N.A.,11.05,20.80,3.30,-88.63
Madhya Pradesh,Madhya Pradesh Madhya Kshetra Vidyut Vitaran Company Ltd,3.23,16534.00,8832.00,31.09,3.13,5.67,5.34,-0.02
Madhya Pradesh,Madhya Pradesh Pashchim Kshetra Vidyut Vitaran Company Ltd,4.55,17804.00,9433.00,25.06,3.09,5.49,5.30,-0.01
Madhya Pradesh,Madhya Pradesh Poorv Kshetra Vidyut Vitaran Company Ltd,4.50,15896.00,8291.00,26.10,3.09,5.34,5.22,N.A.
Maharashtra,Adani Electricity Mumbai Limited,2.14,7986.17,5961.64,N.A.,4.12,6.53,7.46,-34.34
Maharashtra,Maharashtra State Electricity Distribution Company Limited,23.97,92016.53,52558.37,18.79,3.53,7.27,5.71,-14978.73
Maharashtra,Tata Power Company Limited,N.A.,N.A.,N.A.,N.A.,3.58,N.A.,N.A.,N.A.
Maharashtra,Brihan Mumbai Electric Supply & Transport Undertaking,1.01,4576.61,5235.57,6.75,3.93,10.46,11.44,44.00
Manipur,Manipur State Power Distribution Company Limited,0.30,481.38,205.52,31.72,2.75,8.07,4.27,10.07
Meghalaya,Meghalaya Energy Corporation Limited,0.38,1067.80,618.00,45.98,2.54,5.79,5.79,-118.84
Mizoram,"Power & Electricity Department, Mizoram",0.22,422.96,179.22,35.18,3.13,6.13,4.24,62.00
Nagaland,Department of Power Nagaland,0.27,562.70,304.60,33.44,3.76,6.49,5.41,-60.72
Odisha,Tata Power Northern Odisha Distribution Limited (erstwhile NESCO),1.40,3806.67,2003.69,29.87,2.07,6.18,5.26,-180.26
Odisha,Tata Power Southern Odisha Distribution Limited (erstwhile SouthCO),1.48,2077.94,972.99,43.92,2.07,5.56,4.68,-135.47
Odisha,Tata Power Central Odisha Distribution Limited (erstwhile CESCO),2.11,5570.51,2862.00,37.29,2.07,5.83,5.14,8.69
Odisha,Tata Power Western Odisha Distribution Limited (erstwhile WESCO),1.26,4597.94,2448.32,37.38,2.07,6.19,5.32,-177.72
Puducherry,Puducherry Electricity Department,0.46,2398.00,1194.22,22.40,3.11,4.55,4.98,-14.99
Punjab,Punjab State Power Corporation Limited,8.59,40947.19,22822.37,15.88,3.10,5.75,5.57,317.37
Rajasthan,Jaipur Vidyut Vitran Nigam Limited,3.93,17852.27,11166.35,35.74,3.57,9.06,6.25,-4462.92
Rajasthan,Jodhpur Vidyut Vitran Nigam Limited,3.31,16573.66,9646.00,29.64,3.62,8.09,5.82,-3274.00
Rajasthan,Ajmer Vidyut Vitran Nigam Limited,3.88,13156.00,8117.00,27.81,3.74,9.27,6.17,-3504.00
Sikkim,Energy and power department (Govt. of Sikkim),0.10,264.79,129.56,43.89,3.03,4.26,4.89,-76.21
Tamil Nadu,Tamil Nadu Generation and Distribution Corporation Limited,27.03,67864.11,40663.00,16.83,4.06,6.23,5.99,-2293.49
Telangana,Telangana State Northern Power Distribution Company Limited,5.18,11565.70,3444.28,12.84,4.25,7.47,2.98,-1010.08
Telangana,Telangana State Southern Power Distribution Company Limited,6.90,29083.94,15329.97,12.64,4.23,6.60,5.27,-2369.43
Tripura,Tripura State Electricity Corporation Limited,0.65,813.04,424.75,33.80,2.75,4.98,5.22,-108.72
Uttar Pradesh,Dakshinanchal Vidyut Vitran Nigam Ltd,3.23,15435.74,7567.76,43.93,3.78,6.70,4.90,-435.76
Uttar Pradesh,Madhyanchal Vidyut Vitran Nigam Ltd,4.08,12722.00,6640.24,22.23,3.78,5.91,5.22,203.05
Uttar Pradesh,Purvanchal Vidhyut Vitaran Nigam Ltd,4.85,15886.00,7744.87,35.77,3.78,6.41,4.88,489.07
Uttar Pradesh,Pashchimanchal Vidyut Vitran Nigam Ltd,4.46,21905.00,11994.00,21.68,3.78,6.17,5.48,1774.38
Uttar Pradesh,Kanpur Electricity Supply Company,0.55,2904.00,2223.08,20.08,3.78,6.51,7.66,192.75
Uttar Pradesh,Noida Power Company Limited,0.07,1377.16,1039.22,9.88,3.87,11.33,7.55,-521.08
Uttarakhand,Uttarakhand Power Corporation Limited,1.99,10196.93,4658.69,12.85,2.49,4.54,4.57,176.14
West Bengal,"Damodar Valley Corporation, West Bengal",N.A.,N.A.,N.A.,N.A.,5.35,N.A.,N.A.,N.A.
West Bengal,West Bengal State Electricity Distribution Company Limited,16.36,22990.89,14969.97,28.08,3.41,7.91,6.51,21.58
West Bengal,Calcutta Electric Supply Corporation,N.A.,N.A.,N.A.,N.A.,3.18,6.47,N.A.,812.26
Andaman and Nicobar Islands,"Electricity Department, UT of Andaman & Nicobar",0.13,252.13,135.74,N.A.,13.67,23.89,5.38,-466.69
Andhra Pradesh,Andhra Pradesh Eastern Power Distribution Company Limited,5.60,16443.36,7639.67,7.70,3.52,5.58,4.65,-441.50
Andhra Pradesh,Andhra Pradesh Southern Power Distribution Company Limited,9.82,30734.43,12147.43,14.42,3.59,6.03,3.95,-1890.08
Andhra Pradesh,Andhra Pradesh Central Power Distribution Company Limited,N.A.,N.A.,N.A.,N.A.,N.A.,N.A.,N.A.,N.A.
Arunachal Pradesh,Department of Power Arunachal Pradesh,0.21,459.63,152.90,52.41,3.04,11.60,3.33,-372.90
Assam,Assam Power Distribution Company Limited,4.07,6526.00,4334.20,20.10,3.55,6.18,6.64,198.87
Bihar,North Bihar Power Distribution Company Limited,5.98,7117.86,2914.12,29.66,3.67,6.21,4.09,6.51
Bihar,South Bihar Power Distribution Company Limited,3.63,8548.06,3965.06,42.75,3.66,7.35,4.64,0.15
Chandigarh,Chandigarh Electricity Department,0.22,1591.44,814.86,N.A.,3.21,4.65,5.12,195.60
Chhattisgarh,Chhattisgarh State Power Distribution Company Limited,4.74,19162.51,13719.40,23.87,3.49,7.11,7.16,-788.14
Dadra and Nagar Haveli,DNH Power Distribution Corporation Ltd,0.07,3752.93,1507.69,5.20,4.20,5.29,4.02,-106.75
Daman and Diu,Electricity Department Daman And Diu,0.06,1757.11,819.45,10.65,3.09,3.54,4.66,36.09
Delhi,New Delhi Municipal Council,0.07,1312.45,1140.84,12.63,4.74,8.76,8.69,-52.35
Delhi,BSES Rajdhani Power Limited,2.34,11166.28,9088.29,11.35,4.13,6.35,8.14,1035.95
Delhi,BSES Yamuna Power Limited,1.58,6114.44,4423.54,13.19,3.48,5.84,7.23,864.36
Delhi,Tata Power Delhi Distribution Limited,1.54,8253.71,6637.88,9.09,4.09,6.70,8.04,598.63
Goa,"Electricity Department, Government of Goa",0.60,3091.98,1467.46,24.33,2.79,4.90,4.75,-47.52
Gujarat,Uttar Gujarat Vij Company Limited,3.33,19148.55,8594.60,8.18,3.10,4.83,4.49,62.99
Gujarat,Madhya Gujarat Vij Company Limited,2.98,8324.64,4827.02,11.24,3.10,6.00,5.80,105.38
Gujarat,Paschim Gujarat Vij Company Limited,4.89,23159.00,11795.57,21.15,3.10,5.57,5.09,233.97
Gujarat,Dakshin Gujarat Vij Company Limited,3.00,16460.00,10468.31,14.38,3.10,6.83,6.36,77.10
Gujarat,Torrent Power Limited,N.A.,10281.44,6527.63,N.A.,4.65,16.39,6.35,-396.60
Haryana,Uttar Haryana Bijli Vitran Nigam,2.81,13961.23,8137.58,30.76,3.80,9.38,5.83,-205.01
Haryana,Dakshin Haryana Bijli Vitran Nigam,3.13,19812.10,11390.97,21.24,3.78,7.88,5.75,11.96
Himachal Pradesh,Himachal Pradesh State Electricity Board Limited,2.32,7958.00,4377.28,11.48,2.53,6.50,5.50,-13.40
Jammu and Kashmir,J&K Power Development Department,0.95,3250.86,697.51,73.29,2.73,6.88,2.15,-2537.00
Jammu and Kashmir,Jammu Power Distribution Corporation Limited,N.A.,N.A.,N.A.,N.A.,N.A.,N.A.,N.A.,N.A.
Jammu and Kashmir,Kashmir Power Distribution Corporation Limited,N.A.,N.A.,N.A.,N.A.,N.A.,N.A.,N.A.,N.A.
Jharkhand,Jharkhand Bijli Vitran Nigam Limited,3.18,8721.04,2738.63,31.80,4.17,6.77,3.14,-2157.48
Jharkhand,"Damodar Valley Corporation, Jharkhand",N.A.,N.A.,N.A.,N.A.,5.17,N.A.,N.A.,N.A.
Karnataka,Hubli Electricity Supply Company Limited,4.41,10265.54,5913.66,15.56,3.24,6.98,5.76,-943.41
Karnataka,Mangalore Electricity Supply Company Limited,2.22,4794.42,2751.87,19.44,3.43,7.11,5.74,12.94
Karnataka,Bangalore Electricity Supply Company Limited,10.70,26239.23,15849.73,14.88,3.49,6.09,6.04,84.77
Karnataka,Chamundeshwari Electricity Supply Corporation Limited,2.96,6260.26,3431.14,19.27,3.05,5.86,5.48,21.45
Karnataka,Gulbarga Electricity Supply Company Limited,2.84,6358.35,3730.70,19.51,2.92,6.67,5.87,-465.48
Kerala,Kerala State Electricity Board,11.99,20087.55,11036.78,13.32,3.50,6.26,5.49,-1031.07
Ladakh,Ladakh Power Development Department,N.A.,N.A.,N.A.,N.A.,N.A.,N.A.,N.A.,N.A.
Lakshadweep,"Department of Electricity, UT of Lakshadweep",0.02,50.12,19.51,N.A.,12.03,23.06,3.89,-96.09
Madhya Pradesh,Madhya Pradesh Madhya Kshetra Vidyut Vitaran Company Ltd,3.32,15028.00,9073.00,34.04,3.23,6.36,6.04,N.A.
Madhya Pradesh,Madhya Pradesh Pashchim Kshetra Vidyut Vitaran Company Ltd,4.76,17795.00,10250.00,17.87,3.15,5.93,5.76,0.01
Madhya Pradesh,Madhya Pradesh Poorv Kshetra Vidyut Vitaran Company Ltd,4.86,15729.00,9005.00,26.18,3.12,6.03,5.73,-0.02
Maharashtra,Adani Electricity Mumbai Limited,2.16,8231.06,6120.32,N.A.,4.14,7.15,7.44,456.27
Maharashtra,Maharashtra State Electricity Distribution Company Limited,24.76,91674.70,53655.19,18.88,3.63,6.34,5.85,-3347.58
Maharashtra,Tata Power Company Limited,N.A.,N.A.,N.A.,N.A.,4.13,N.A.,N.A.,N.A.
Maharashtra,Brihan Mumbai Electric Supply & Transport Undertaking,1.02,4402.96,4052.46,7.12,3.69,8.74,9.20,212.86
Manipur,Manipur State Power Distribution Company Limited,0.35,515.25,229.12,33.01,3.06,6.85,4.45,56.82
Meghalaya,Meghalaya Energy Corporation Limited,0.41,1117.82,696.41,38.81,2.67,6.45,6.23,-24.73
Mizoram,"Power & Electricity Department, Mizoram",0.22,539.86,187.13,24.98,3.26,6.96,3.47,22.27
Nagaland,Department of Power Nagaland,0.27,636.30,367.60,38.50,3.45,6.47,5.78,-43.76
Odisha,Tata Power Northern Odisha Distribution Limited (erstwhile NESCO),1.46,4077.29,2110.51,26.37,2.02,5.80,5.18,-84.69
Odisha,Tata Power Southern Odisha Distribution Limited (erstwhile SouthCO),1.57,2141.21,998.71,41.20,2.02,6.17,4.66,-265.55
Odisha,Tata Power Central Odisha Distribution Limited (erstwhile CESCO),2.17,5488.55,2818.00,34.89,2.02,5.65,5.13,5.01
Odisha,Tata Power Western Odisha Distribution Limited (erstwhile WESCO),1.33,4798.88,2634.76,39.38,2.02,6.48,5.49,-238.08
Puducherry,Puducherry Electricity Department,0.46,2476.49,1209.16,21.30,3.36,4.88,4.88,-38.34
Punjab,Punjab State Power Corporation Limited,8.98,44550.12,24237.56,14.46,3.61,6.07,5.44,-2252.13
Rajasthan,Jaipur Vidyut Vitran Nigam Limited,3.88,19454.69,13024.39,29.84,3.85,7.25,6.69,-615.75
Rajasthan,Jodhpur Vidyut Vitran Nigam Limited,3.44,17732.00,10723.00,26.16,3.89,6.79,6.05,-1028.67
Rajasthan,Ajmer Vidyut Vitran Nigam Limited,4.08,13786.00,9150.13,25.18,3.86,7.25,6.64,-337.00
Sikkim,Energy and power department (Govt. of Sikkim),0.11,269.35,130.89,35.62,3.25,4.48,4.86,-92.71
Tamil Nadu,Tamil Nadu Generation and Distribution Corporation Limited,27.93,68056.00,34077.00,18.23,4.31,6.68,5.01,-898.00
Telangana,Telangana State Northern Power Distribution Company Limited,5.27,12902.79,3813.72,16.35,4.22,7.11,2.96,-1501.95
Telangana,Telangana State Southern Power Distribution Company Limited,7.32,30844.17,15803.94,14.77,4.36,7.30,5.12,-4700.23
Tripura,Tripura State Electricity Corporation Limited,0.69,866.56,469.94,29.00,3.18,4.57,5.42,-5.44
Uttar Pradesh,Dakshinanchal Vidyut Vitran Nigam Ltd,3.34,16811.26,7770.40,39.74,3.84,6.48,4.62,-545.86
Uttar Pradesh,Madhyanchal Vidyut Vitran Nigam Ltd,4.40,14759.00,7980.52,25.86,3.84,6.28,5.41,248.06
Uttar Pradesh,Purvanchal Vidhyut Vitaran Nigam Ltd,5.00,18292.00,9320.18,42.10,3.84,6.72,5.10,885.75
Uttar Pradesh,Pashchimanchal Vidyut Vitran Nigam Ltd,4.71,25335.31,13160.00,26.37,3.84,6.17,5.19,2145.12
Uttar Pradesh,Kanpur Electricity Supply Company,0.56,3111.00,2450.92,16.82,3.84,6.46,7.88,328.06
Uttar Pradesh,Noida Power Company Limited,0.08,1500.40,1086.83,7.20,3.83,10.05,7.24,-335.71
Uttarakhand,Uttarakhand Power Corporation Limited,2.10,10518.99,4793.87,14.92,3.08,4.69,4.56,-54.57
West Bengal,"Damodar Valley Corporation, West Bengal",N.A.,N.A.,N.A.,N.A.,5.17,N.A.,N.A.,N.A.
West Bengal,West Bengal State Electricity Distribution Company Limited,17.42,24290.28,17258.45,28.96,3.42,8.10,7.11,31.33
West Bengal,Calcutta Electric Supply Corporation,N.A.,N.A.,N.A.,N.A.,3.71,6.85,N.A.,823.75
Andaman and Nicobar Islands,"Electricity Department, UT of Andaman & Nicobar",0.13,242.37,142.65,19.34,15.94,27.41,5.89,-521.68
Andhra Pradesh,Andhra Pradesh Eastern Power Distribution Company Limited,6.42,18656.63,9118.75,12.75,3.68,5.70,4.89,10.45
Andhra Pradesh,Andhra Pradesh Southern Power Distribution Company Limited,10.28,31335.03,13448.27,11.01,3.79,6.54,4.29,-7.02
Andhra Pradesh,Andhra Pradesh Central Power Distribution Company Limited,N.A.,N.A.,N.A.,N.A.,N.A.,N.A.,N.A.,N.A.
Arunachal Pradesh,Department of Power Arunachal Pradesh,0.23,438.03,157.71,43.00,2.43,9.62,3.60,-263.59
Assam,Assam Power Distribution Company Limited,4.30,6815.00,5040.31,17.64,3.56,7.96,7.40,-311.82
Bihar,North Bihar Power Distribution Company Limited,7.07,8744.68,4722.67,26.56,3.83,5.82,5.40,956.95
Bihar,South Bihar Power Distribution Company Limited,4.49,9503.22,5717.52,35.53,3.79,7.68,6.02,-907.53
Chandigarh,Chandigarh Electricity Department,0.23,1588.80,845.32,N.A.,3.24,4.89,5.32,257.59
Chhattisgarh,Chhattisgarh State Power Distribution Company Limited,4.99,20362.53,13426.60,20.74,3.48,7.41,6.59,-127.42
Dadra and Nagar Haveli,DNH Power Distribution Corporation Ltd,0.07,5676.31,2225.33,6.24,3.57,3.93,3.92,-7.78
Daman and Diu,Electricity Department Daman And Diu,0.06,2101.21,855.08,10.34,3.10,3.52,4.07,49.58
Delhi,New Delhi Municipal Council,0.06,1253.23,1149.68,15.82,5.05,8.75,9.17,22.11
Delhi,BSES Rajdhani Power Limited,2.47,11768.07,8580.89,9.75,3.83,6.32,7.29,1063.94
Delhi,BSES Yamuna Power Limited,1.65,6511.88,5385.54,10.37,3.31,6.07,8.27,712.76
Delhi,Tata Power Delhi Distribution Limited,1.64,8630.88,6451.56,8.26,4.23,6.54,7.47,745.18
Goa,"Electricity Department, Government of Goa",0.61,3494.71,1563.68,13.52,2.80,5.28,4.47,-281.64
Gujarat,Uttar Gujarat Vij Company Limited,3.43,20848.14,9305.55,7.76,3.16,4.91,4.46,40.41
Gujarat,Madhya Gujarat Vij Company Limited,3.07,9280.90,5284.25,11.72,3.16,5.83,5.69,116.83
Gujarat,Paschim Gujarat Vij Company Limited,5.07,26455.00,13666.94,19.64,3.16,5.48,5.17,-295.38
Gujarat,Dakshin Gujarat Vij Company Limited,3.11,17481.00,11278.26,10.98,3.16,6.73,6.45,49.28
Gujarat,Torrent Power Limited,N.A.,11073.25,7423.08,11.87,4.92,17.05,6.70,-184.70
Haryana,Uttar Haryana Bijli Vitran Nigam,2.93,15444.17,8459.76,25.62,3.70,8.84,5.48,278.24
Haryana,Dakshin Haryana Bijli Vitran Nigam,3.29,22791.70,12301.05,17.90,3.71,7.36,5.40,134.11
Himachal Pradesh,Himachal Pradesh State Electricity Board Limited,2.38,8405.00,4622.72,11.08,2.76,6.03,5.50,270.66
Jammu and Kashmir,J&K Power Development Department,0.99,3226.31,851.40,68.03,2.68,6.46,2.64,-2517.30
Jammu and Kashmir,Jammu Power Distribution Corporation Limited,N.A.,N.A.,N.A.,N.A.,N.A.,N.A.,N.A.,N.A.
Jammu and Kashmir,Kashmir Power Distribution Corporation Limited,N.A.,N.A.,N.A.,N.A.,N.A.,N.A.,N.A.,N.A.
Jharkhand,Jharkhand Bijli Vitran Nigam Limited,3.39,9613.70,3204.33,31.67,4.11,6.36,3.33,181.01
Jharkhand,"Damodar Valley Corporation, Jharkhand",N.A.,N.A.,N.A.,N.A.,5.82,N.A.,N.A.,N.A.
Karnataka,Hubli Electricity Supply Company Limited,4.61,10699.28,6819.61,15.37,3.56,6.63,6.37,-140.27
Karnataka,Mangalore Electricity Supply Company Limited,2.28,4881.92,3181.47,14.23,3.03,6.65,6.52,31.42
Karnataka,Bangalore Electricity Supply Company Limited,11.24,25967.26,17451.65,10.28,3.76,7.04,6.72,84.77
Karnataka,Chamundeshwari Electricity Supply Corporation Limited,3.06,5798.12,3533.62,13.20,2.74,6.54,6.09,1.75
Karnataka,Gulbarga Electricity Supply Company Limited,2.95,6510.89,4284.85,5.92,2.89,6.79,6.58,-126.42
Kerala,Kerala State Electricity Board,12.28,21840.05,11529.74,12.74,3.54,5.05,5.28,490.92
Ladakh,Ladakh Power Development Department,N.A.,N.A.,N.A.,N.A.,N.A.,N.A.,N.A.,N.A.
Lakshadweep,"Department of Electricity, UT of Lakshadweep",0.02,48.51,21.15,19.15,14.29,26.61,4.36,-107.94
Madhya Pradesh,Madhya Pradesh Madhya Kshetra Vidyut Vitaran Company Ltd,3.90,16020.00,10280.00,38.37,3.17,6.58,6.42,0.24
Madhya Pradesh,Madhya Pradesh Pashchim Kshetra Vidyut Vitaran Company Ltd,5.10,18427.00,11363.00,17.52,3.19,6.36,6.17,N.A.
Madhya Pradesh,Madhya Pradesh Poorv Kshetra Vidyut Vitaran Company Ltd,5.32,15279.00,9421.00,33.95,3.16,6.32,6.17,0.01
Maharashtra,Adani Electricity Mumbai Limited,2.17,8332.31,6264.70,N.A.,4.35,6.86,7.52,-133.72
Maharashtra,Maharashtra State Electricity Distribution Company Limited,25.48,101310.60,59800.79,17.41,3.50,6.51,5.90,442.04
Maharashtra,Tata Power Company Limited,N.A.,N.A.,N.A.,N.A.,4.13,N.A.,N.A.,N.A.
Maharashtra,Brihan Mumbai Electric Supply & Transport Undertaking,1.03,4544.19,3724.92,6.35,4.16,7.78,8.20,204.59
Manipur,Manipur State Power Distribution Company Limited,0.37,564.00,276.42,27.50,3.16,6.62,4.90,31.85
Meghalaya,Meghalaya Energy Corporation Limited,0.44,1016.18,624.88,39.77,2.84,7.32,6.15,-112.05
Mizoram,"Power & Electricity Department, Mizoram",0.23,559.37,219.15,22.44,3.26,6.70,3.92,109.15
Nagaland,Department of Power Nagaland,0.27,627.54,316.76,41.36,3.65,8.23,5.05,-199.70
Odisha,Tata Power Northern Odisha Distribution Limited (erstwhile NESCO),1.52,4234.97,2153.13,27.43,2.20,5.74,5.08,-119.27
Odisha,Tata Power Southern Odisha Distribution Limited (erstwhile SouthCO),1.67,2334.09,1097.31,38.50,2.20,5.87,4.70,-225.76
Odisha,Tata Power Central Odisha Distribution Limited (erstwhile CESCO),2.23,5781.55,3064.00,34.04,2.20,5.57,5.30,0.74
Odisha,Tata Power Western Odisha Distribution Limited (erstwhile WESCO),1.43,5377.72,2862.05,34.80,2.20,6.18,5.32,-53.10
Puducherry,Puducherry Electricity Department,0.47,2548.76,1288.61,19.10,3.50,5.02,5.06,3.85
Punjab,Punjab State Power Corporation Limited,9.26,47439.46,29145.13,17.31,3.68,6.31,6.14,-881.23
Rajasthan,Jaipur Vidyut Vitran Nigam Limited,4.12,22316.78,15723.63,25.22,3.80,7.07,7.05,427.44
Rajasthan,Jodhpur Vidyut Vitran Nigam Limited,3.46,18639.39,11805.09,23.37,3.84,6.59,6.33,30.46
Rajasthan,Ajmer Vidyut Vitran Nigam Limited,4.33,15357.61,10723.92,22.94,3.88,6.62,6.98,1199.07
Sikkim,Energy and power department (Govt. of Sikkim),0.11,344.03,194.96,32.48,3.23,4.04,5.67,-20.64
Tamil Nadu,Tamil Nadu Generation and Distribution Corporation Limited,28.81,69211.00,32064.00,18.88,4.45,7.39,4.63,-8405.00
Telangana,Telangana State Northern Power Distribution Company Limited,5.43,14973.03,4239.88,25.29,4.24,7.05,2.83,-1560.51
Telangana,Telangana State Southern Power Distribution Company Limited,7.62,35588.45,17658.48,17.66,4.26,6.72,4.96,-3924.78
Tripura,Tripura State Electricity Corporation Limited,0.72,928.02,487.64,15.26,3.40,4.56,5.25,57.66
Uttar Pradesh,Dakshinanchal Vidyut Vitran Nigam Ltd,3.71,18736.00,8442.84,35.35,3.92,6.22,4.51,N.A.
Uttar Pradesh,Madhyanchal Vidyut Vitran Nigam Ltd,4.95,17007.00,8769.59,22.56,3.92,5.88,5.16,334.01
Uttar Pradesh,Purvanchal Vidhyut Vitaran Nigam Ltd,5.55,20758.00,9962.71,47.89,3.92,6.44,4.80,N.A.
Uttar Pradesh,Pashchimanchal Vidyut Vitran Nigam Ltd,5.13,28436.00,14764.91,21.83,3.92,5.94,5.19,N.A.
Uttar Pradesh,Kanpur Electricity Supply Company,0.59,3200.00,2489.18,14.52,3.92,5.87,7.78,657.70
Uttar Pradesh,Noida Power Company Limited,0.08,1667.59,1243.67,7.94,4.12,9.67,7.46,-278.36
Uttarakhand,Uttarakhand Power Corporation Limited,2.23,11069.87,5468.51,16.11,3.46,4.77,4.94,251.12
West Bengal,"Damodar Valley Corporation, West Bengal",N.A.,N.A.,N.A.,N.A.,5.82,N.A.,N.A.,N.A.
West Bengal,West Bengal State Electricity Distribution Company Limited,18.11,25526.78,18629.35,27.33,3.39,7.46,7.30,40.85
West Bengal,Calcutta Electric Supply Corporation,N.A.,N.A.,N.A.,N.A.,3.80,6.84,N.A.,852.92
Andaman and Nicobar Islands,"Electricity Department, UT of Andaman & Nicobar",0.13,254.40,153.74,23.39,20.92,30.14,6.04,-613.05
Andhra Pradesh,Andhra Pradesh Eastern Power Distribution Company Limited,5.98,19678.15,9843.65,18.31,3.89,8.51,5.00,-4644.16
Andhra Pradesh,Andhra Pradesh Southern Power Distribution Company Limited,10.61,34888.90,14944.89,11.46,3.90,8.99,4.28,-7680.87
Andhra Pradesh,Andhra Pradesh Central Power Distribution Company Limited,N.A.,N.A.,N.A.,N.A.,N.A.,N.A.,N.A.,N.A.
Arunachal Pradesh,Department of Power Arunachal Pradesh,0.25,437.78,165.42,37.99,3.29,16.21,3.78,-427.07
Assam,Assam Power Distribution Company Limited,5.40,6968.18,5259.92,19.87,4.01,8.46,7.55,-525.44
Bihar,North Bihar Power Distribution Company Limited,9.17,9493.31,6196.72,24.39,3.84,6.72,6.53,-25.61
Bihar,South Bihar Power Distribution Company Limited,5.40,10586.31,7333.48,32.61,3.78,7.23,6.93,-93.04
Chandigarh,Chandigarh Electricity Department,0.23,1535.76,805.56,13.50,3.48,5.16,5.25,116.59
Chhattisgarh,Chhattisgarh State Power Distribution Company Limited,5.61,22210.21,13089.00,27.33,3.49,7.38,5.89,-139.73
Dadra and Nagar Haveli,DNH Power Distribution Corporation Ltd,0.08,6072.42,2983.10,5.41,3.79,4.92,4.91,-4.21
Daman and Diu,Electricity Department Daman And Diu,0.06,2433.93,957.23,6.19,3.41,4.60,3.93,-180.20
Delhi,New Delhi Municipal Council,0.05,1355.12,1364.96,8.80,5.22,8.46,10.07,129.48
Delhi,BSES Rajdhani Power Limited,2.59,12167.12,9172.94,7.90,4.03,6.59,7.54,1112.49
Delhi,BSES Yamuna Power Limited,1.69,6540.03,4936.71,9.07,3.06,6.10,7.55,884.69
Delhi,Tata Power Delhi Distribution Limited,1.70,8867.29,6891.23,7.83,4.06,7.04,7.77,593.57
Goa,"Electricity Department, Government of Goa",0.62,3644.93,1634.94,17.61,3.08,5.36,4.49,-317.60
Gujarat,Uttar Gujarat Vij Company Limited,3.56,23015.92,11493.81,10.03,3.14,5.36,4.99,10.59
Gujarat,Madhya Gujarat Vij Company Limited,3.17,10004.41,5952.00,9.81,3.14,6.16,5.95,-44.88
Gujarat,Paschim Gujarat Vij Company Limited,5.29,29037.00,16410.33,21.20,3.14,5.95,5.65,-313.34
Gujarat,Dakshin Gujarat Vij Company Limited,3.24,19081.00,12573.89,11.19,3.14,6.83,6.59,13.04
Gujarat,Torrent Power Limited,N.A.,11537.72,8427.34,9.52,5.82,19.69,7.30,-361.12
Haryana,Uttar Haryana Bijli Vitran Nigam,3.06,15841.63,8868.28,21.88,3.80,9.03,5.60,185.71
Haryana,Dakshin Haryana Bijli Vitran Nigam,3.52,24834.40,13887.22,14.90,3.81,7.35,5.59,95.23
Himachal Pradesh,Himachal Pradesh State Electricity Board Limited,2.44,9043.00,5101.13,11.39,3.07,6.48,5.64,78.72
Jammu and Kashmir,J&K Power Development Department,1.07,3117.97,877.76,66.34,2.69,5.84,2.82,-2269.90
Jammu and Kashmir,Jammu Power Distribution Corporation Limited,N.A.,N.A.,N.A.,N.A.,N.A.,N.A.,N.A.,N.A.
Jammu and Kashmir,Kashmir Power Distribution Corporation Limited,N.A.,N.A.,N.A.,N.A.,N.A.,N.A.,N.A.,N.A.
Jharkhand,Jharkhand Bijli Vitran Nigam Limited,3.80,9187.37,4053.76,28.69,4.03,6.97,4.41,-1132.35
Jharkhand,"Damodar Valley Corporation, Jharkhand",N.A.,N.A.,N.A.,N.A.,5.87,N.A.,N.A.,N.A.
Karnataka,Hubli Electricity Supply Company Limited,5.03,11759.99,7696.95,14.62,3.36,6.10,6.55,689.99
Karnataka,Mangalore Electricity Supply Company Limited,2.37,4956.88,3306.75,18.11,2.73,6.80,6.67,56.39
Karnataka,Bangalore Electricity Supply Company Limited,11.81,27762.47,19080.49,15.92,4.08,7.22,6.87,84.77
Karnataka,Chamundeshwari Electricity Supply Corporation Limited,3.17,6355.57,4035.64,19.79,2.98,7.06,6.35,-209.35
Karnataka,Gulbarga Electricity Supply Company Limited,3.07,7528.30,5010.72,14.48,3.16,6.40,6.66,215.04
Kerala,Kerala State Electricity Board,12.61,21647.27,12449.82,11.01,3.77,6.11,5.75,-32.14
Ladakh,Ladakh Power Development Department,N.A.,N.A.,N.A.,N.A.,N.A.,N.A.,N.A.,N.A.
Lakshadweep,"Department of Electricity, UT of Lakshadweep",0.02,48.92,22.74,23.33,17.05,30.42,4.65,-126.00
Madhya Pradesh,Madhya Pradesh Madhya Kshetra Vidyut Vitaran Company Ltd,4.39,15032.00,9595.14,44.90,3.31,9.91,6.38,-5205.00
Madhya Pradesh,Madhya Pradesh Pashchim Kshetra Vidyut Vitaran Company Ltd,5.35,20599.00,12482.75,23.75,3.33,6.83,6.06,-1029.00
Madhya Pradesh,Madhya Pradesh Poorv Kshetra Vidyut Vitaran Company Ltd,5.84,14681.00,9035.53,40.27,3.30,9.10,6.15,-4215.00
Maharashtra,Adani Electricity Mumbai Limited,2.19,8361.60,6405.90,N.A.,3.92,7.20,7.66,86.51
Maharashtra,Maharashtra State Electricity Distribution Company Limited,26.61,109542.45,69158.49,16.94,3.67,7.41,6.31,845.73
Maharashtra,Tata Power Company Limited,N.A.,N.A.,N.A.,N.A.,4.38,N.A.,N.A.,N.A.
Maharashtra,Brihan Mumbai Electric Supply & Transport Undertaking,1.04,4572.01,3662.80,4.23,4.39,6.21,8.01,813.73
Manipur,Manipur State Power Distribution Company Limited,0.50,627.18,343.68,29.80,3.83,7.84,5.48,15.05
Meghalaya,Meghalaya Energy Corporation Limited,0.47,1015.62,664.57,35.22,2.29,7.66,6.54,-113.05
Mizoram,"Power & Electricity Department, Mizoram",0.24,673.95,291.03,16.20,3.95,7.16,4.32,57.42
Nagaland,Department of Power Nagaland,0.30,668.29,354.69,40.06,3.75,8.58,5.31,-218.50
Odisha,Tata Power Northern Odisha Distribution Limited (erstwhile NESCO),1.96,4530.92,2308.84,23.53,2.26,5.65,5.10,-37.52
Odisha,Tata Power Southern Odisha Distribution Limited (erstwhile SouthCO),2.07,2555.94,1195.18,39.37,2.26,5.86,4.68,-250.62
Odisha,Tata Power Central Odisha Distribution Limited (erstwhile CESCO),2.53,6310.89,3296.11,30.49,2.26,5.24,5.22,3.74
Odisha,Tata Power Western Odisha Distribution Limited (erstwhile WESCO),1.75,5972.39,3060.83,31.64,2.26,7.42,5.12,-924.45
Puducherry,Puducherry Electricity Department,0.50,2644.60,1461.49,22.20,3.80,5.59,5.53,-39.99
Punjab,Punjab State Power Corporation Limited,9.48,49613.04,31508.36,11.28,3.94,6.36,6.35,515.80
Rajasthan,Jaipur Vidyut Vitran Nigam Limited,4.42,24076.62,16651.84,25.66,3.81,8.42,6.92,906.00
Rajasthan,Jodhpur Vidyut Vitran Nigam Limited,3.79,19505.13,12855.95,35.04,3.78,8.50,6.59,1233.78
Rajasthan,Ajmer Vidyut Vitran Nigam Limited,4.45,16776.04,11878.04,23.31,3.80,9.04,7.08,466.82
Sikkim,Energy and power department (Govt. of Sikkim),0.11,380.81,226.19,31.83,3.15,3.80,5.94,11.03
Tamil Nadu,Tamil Nadu Generation and Distribution Corporation Limited,29.60,76128.00,43494.00,17.29,4.47,7.54,5.71,-12581.00
Telangana,Telangana State Northern Power Distribution Company Limited,5.71,17226.28,5259.42,28.74,4.53,7.91,3.05,-3051.43
Telangana,Telangana State Southern Power Distribution Company Limited,8.25,40342.49,20036.67,15.57,4.54,7.21,4.97,-4967.27
Tripura,Tripura State Electricity Corporation Limited,0.77,868.23,501.94,17.03,3.55,4.72,5.78,105.54
Uttar Pradesh,Dakshinanchal Vidyut Vitran Nigam Ltd,5.07,19035.30,10121.77,37.12,4.31,6.99,5.32,-811.87
Uttar Pradesh,Madhyanchal Vidyut Vitran Nigam Ltd,7.10,16697.54,10006.98,40.46,4.31,6.72,5.99,1567.14
Uttar Pradesh,Purvanchal Vidhyut Vitaran Nigam Ltd,8.15,20847.00,11036.94,39.64,4.31,7.25,5.29,-575.89
Uttar Pradesh,Pashchimanchal Vidyut Vitran Nigam Ltd,6.03,28393.35,16334.26,22.27,4.31,6.58,5.75,-580.13
Uttar Pradesh,Kanpur Electricity Supply Company,0.61,3173.84,2450.44,16.49,4.31,6.65,7.72,338.09
Uttar Pradesh,Noida Power Company Limited,0.09,1850.09,1407.37,8.48,4.93,8.39,7.61,-61.74
Uttarakhand,Uttarakhand Power Corporation Limited,2.43,11690.31,5955.87,16.20,3.55,5.04,5.09,60.49
West Bengal,"Damodar Valley Corporation, West Bengal",N.A.,N.A.,N.A.,N.A.,5.87,N.A.,N.A.,N.A.
West Bengal,West Bengal State Electricity Distribution Company Limited,19.14,27678.18,20280.24,22.97,4.01,7.59,7.33,47.94
West Bengal,Calcutta Electric Supply Corporation,N.A.,N.A.,N.A.,N.A.,4.00,6.74,N.A.,902.80
Andaman and Nicobar Islands,"Electricity Department, UT of Andaman & Nicobar",0.14,268.27,170.17,22.71,17.07,30.36,6.34,-644.29
Andhra Pradesh,Andhra Pradesh Eastern Power Distribution Company Limited,6.16,20776.67,10359.45,6.64,3.86,6.26,4.99,3.37
Andhra Pradesh,Andhra Pradesh Southern Power Distribution Company Limited,10.95,35158.59,15868.09,12.43,3.85,7.85,4.51,1.10
Andhra Pradesh,Andhra Pradesh Central Power Distribution Company Limited,N.A.,N.A.,N.A.,N.A.,N.A.,N.A.,N.A.,N.A.
Arunachal Pradesh,Department of Power Arunachal Pradesh,0.26,461.21,173.94,N.A.,3.29,N.A.,3.77,N.A.
Assam,Assam Power Distribution Company Limited,5.88,7256.00,5233.38,23.37,4.07,8.02,7.21,-186.08
Bihar,North Bihar Power Distribution Company Limited,10.09,10635.90,7138.46,25.33,4.31,5.67,6.71,1211.13
Bihar,South Bihar Power Distribution Company Limited,5.79,11921.22,8097.70,42.86,4.31,8.24,6.79,-1610.82
Chandigarh,Chandigarh Electricity Department,0.23,1595.54,841.94,15.86,3.27,4.98,5.28,57.02
Chhattisgarh,Chhattisgarh State Power Distribution Company Limited,5.76,22774.27,13295.06,23.68,3.41,7.61,5.84,-1592.51
Dadra and Nagar Haveli,DNH Power Distribution Corporation Ltd,0.08,6287.99,3371.08,3.43,4.04,5.75,5.36,-244.47
Daman and Diu,Electricity Department Daman And Diu,0.06,2495.67,1040.66,4.07,3.66,5.09,4.17,-157.42
Delhi,New Delhi Municipal Council,0.05,1272.04,1404.64,13.28,5.80,9.36,11.04,92.05
Delhi,BSES Rajdhani Power Limited,2.74,12529.87,9343.76,8.71,4.27,7.06,7.46,247.23
Delhi,BSES Yamuna Power Limited,1.73,6650.79,4890.20,8.69,3.43,6.48,7.35,442.17
Delhi,Tata Power Delhi Distribution Limited,1.77,9085.72,7198.53,7.79,4.56,8.20,7.92,-378.99
Goa,"Electricity Department, Government of Goa",0.66,3979.76,1882.96,11.41,2.93,5.56,4.73,-329.27
Gujarat,Uttar Gujarat Vij Company Limited,3.69,22994.59,12160.56,4.65,3.47,5.65,5.29,72.90
Gujarat,Madhya Gujarat Vij Company Limited,3.27,9754.10,6200.96,11.31,3.47,6.16,6.36,409.43
Gujarat,Paschim Gujarat Vij Company Limited,5.47,28118.00,16866.86,19.22,3.47,6.12,6.00,303.72
Gujarat,Dakshin Gujarat Vij Company Limited,3.36,19692.44,13653.66,9.98,3.47,7.19,6.93,87.62
Gujarat,Torrent Power Limited,N.A.,11588.63,8295.74,8.50,5.45,19.23,7.16,-222.35
Haryana,Uttar Haryana Bijli Vitran Nigam,3.19,17620.90,9211.97,19.61,3.94,7.74,5.23,217.72
Haryana,Dakshin Haryana Bijli Vitran Nigam,3.77,25423.30,13371.16,15.41,3.94,6.90,5.26,113.68
Himachal Pradesh,Himachal Pradesh State Electricity Board Limited,2.50,9124.90,5134.10,11.68,2.49,6.09,5.63,46.91
Jammu and Kashmir,J&K Power Development Department,N.A.,N.A.,N.A.,N.A.,2.71,N.A.,N.A.,N.A.
Jammu and Kashmir,Jammu Power Distribution Corporation Limited,1.06,4494.30,633.30,50.57,N.A.,3.44,1.41,-912.35
Jammu and Kashmir,Kashmir Power Distribution Corporation Limited,0.99,3093.43,872.59,74.06,N.A.,6.72,2.82,-1531.80
Jharkhand,Jharkhand Bijli Vitran Nigam Limited,4.29,9529.45,6269.77,36.96,4.01,6.32,6.58,707.45
Jharkhand,"Damodar Valley Corporation, Jharkhand",N.A.,N.A.,N.A.,N.A.,5.31,N.A.,N.A.,N.A.
Karnataka,Hubli Electricity Supply Company Limited,5.29,11023.34,7697.02,17.04,3.42,7.75,6.98,-682.18
Karnataka,Mangalore Electricity Supply Company Limited,2.44,5247.16,3702.30,15.33,3.73,7.23,7.06,43.57
Karnataka,Bangalore Electricity Supply Company Limited,12.37,27834.60,21101.67,17.62,4.63,7.73,7.58,146.50
Karnataka,Chamundeshwari Electricity Supply Corporation Limited,3.29,6406.55,4202.43,21.45,3.26,7.60,6.56,-366.63
Karnataka,Gulbarga Electricity Supply Company Limited,3.26,7184.17,5058.23,13.02,3.78,8.02,7.04,-463.69
Kerala,Kerala State Electricity Board,12.96,22969.65,13254.69,10.70,3.78,6.51,5.77,-800.57
Ladakh,Ladakh Power Development Department,0.05,103.27,50.17,43.03,N.A.,8.54,4.86,-42.23
Lakshadweep,"Department of Electricity, UT of Lakshadweep",0.02,50.00,23.70,14.28,15.37,27.02,4.74,-111.41
Madhya Pradesh,Madhya Pradesh Madhya Kshetra Vidyut Vitaran Company Ltd,4.58,17224.00,10898.88,37.17,3.52,7.24,6.33,2265.00
Madhya Pradesh,Madhya Pradesh Pashchim Kshetra Vidyut Vitaran Company Ltd,5.53,21858.00,13221.59,20.94,3.45,6.41,6.05,-2095.00
Madhya Pradesh,Madhya Pradesh Poorv Kshetra Vidyut Vitaran Company Ltd,6.08,16589.00,10168.18,33.89,3.48,8.14,6.13,-2641.00
Maharashtra,Adani Electricity Mumbai Limited,2.21,8622.03,5645.45,N.A.,4.11,7.63,6.55,66.99
Maharashtra,Maharashtra State Electricity Distribution Company Limited,27.78,104320.51,74740.71,21.33,4.47,7.60,7.16,207.72
Maharashtra,Tata Power Company Limited,N.A.,N.A.,N.A.,N.A.,4.42,N.A.,N.A.,N.A.
Maharashtra,Brihan Mumbai Electric Supply & Transport Undertaking,1.04,4569.33,3431.45,7.70,3.88,7.98,7.51,-198.44
Manipur,Manipur State Power Distribution Company Limited,0.50,649.02,378.35,20.27,4.52,8.16,5.83,26.57
Meghalaya,Meghalaya Energy Corporation Limited,0.51,1038.45,699.28,34.32,3.09,7.80,6.73,-110.93
Mizoram,"Power & Electricity Department, Mizoram",0.25,735.83,319.51,20.66,4.45,7.35,4.34,178.10
Nagaland,Department of Power Nagaland,0.33,634.77,369.77,52.93,3.71,8.91,5.83,-196.09
Odisha,Tata Power Northern Odisha Distribution Limited (erstwhile NESCO),1.91,4722.18,2362.27,25.01,2.30,5.30,5.00,0.12
Odisha,Tata Power Southern Odisha Distribution Limited (erstwhile SouthCO),2.28,2619.96,1277.50,36.30,2.30,5.05,4.88,0.51
Odisha,Tata Power Central Odisha Distribution Limited (erstwhile CESCO),2.69,6265.21,3222.46,30.42,2.30,5.73,5.14,2.03
Odisha,Tata Power Western Odisha Distribution Limited (erstwhile WESCO),1.96,6114.51,3206.73,28.56,2.30,4.94,5.24,0.87
Puducherry,Puducherry Electricity Department,0.50,2684.27,1502.99,18.50,3.91,6.36,5.60,-210.86
Punjab,Punjab State Power Corporation Limited,9.71,48163.85,31126.04,14.35,4.09,6.32,6.46,1349.67
Rajasthan,Jaipur Vidyut Vitran Nigam Limited,4.64,24833.89,17013.00,27.61,4.17,8.37,6.85,2188.00
Rajasthan,Jodhpur Vidyut Vitran Nigam Limited,4.09,20944.17,13561.00,37.99,4.12,8.71,6.47,9.00
Rajasthan,Ajmer Vidyut Vitran Nigam Limited,4.89,17293.97,13250.32,21.99,4.10,8.27,7.66,681.64
Sikkim,Energy and power department (Govt. of Sikkim),0.12,411.83,255.82,28.88,3.66,6.13,6.21,-165.13
Tamil Nadu,Tamil Nadu Generation and Distribution Corporation Limited,30.75,77392.00,44035.00,15.00,4.48,7.90,5.69,-15579.00
Telangana,Telangana State Northern Power Distribution Company Limited,5.98,18650.41,7614.47,36.34,4.64,7.58,4.08,-1116.30
Telangana,Telangana State Southern Power Distribution Company Limited,8.75,39909.32,20775.39,15.57,4.50,7.18,5.21,-4940.25
Tripura,Tripura State Electricity Corporation Limited,0.80,914.22,570.70,37.85,4.06,5.54,6.24,62.69
Uttar Pradesh,Dakshinanchal Vidyut Vitran Nigam Ltd,5.18,19456.14,10934.99,39.74,4.15,7.03,5.62,-597.98
Uttar Pradesh,Madhyanchal Vidyut Vitran Nigam Ltd,7.81,18426.24,11493.60,34.28,4.15,6.93,6.24,1094.00
Uttar Pradesh,Purvanchal Vidhyut Vitaran Nigam Ltd,8.35,21236.00,12792.12,37.01,4.15,7.23,6.02,-289.84
Uttar Pradesh,Pashchimanchal Vidyut Vitran Nigam Ltd,6.65,29065.92,18343.08,18.64,4.15,6.43,6.31,110.89
Uttar Pradesh,Kanpur Electricity Supply Company,0.63,3300.52,2747.41,15.44,4.15,6.86,8.32,355.62
Uttar Pradesh,Noida Power Company Limited,0.10,2080.64,1698.87,8.79,4.22,9.36,8.17,-292.02
Uttarakhand,Uttarakhand Power Corporation Limited,2.54,11890.55,6514.11,20.35,3.83,5.94,5.48,-550.75
West Bengal,"Damodar Valley Corporation, West Bengal",N.A.,N.A.,N.A.,N.A.,5.31,N.A.,N.A.,N.A.
West Bengal,West Bengal State Electricity Distribution Company Limited,20.06,31109.21,22597.08,20.10,3.95,7.82,7.26,63.13
West Bengal,Calcutta Electric Supply Corporation,N.A.,N.A.,N.A.,N.A.,4.00,6.90,N.A.,884.59
Andaman and Nicobar Islands,"Electricity Department, UT of Andaman & Nicobar",0.14,232.26,156.63,51.94,17.13,36.06,6.74,-681.00
Andhra Pradesh,Andhra Pradesh Eastern Power Distribution Company Limited,6.34,20416.44,10481.35,21.52,4.49,7.57,5.13,431.87
Andhra Pradesh,Andhra Pradesh Southern Power Distribution Company Limited,11.30,21460.21,8493.70,37.48,4.52,9.26,3.96,1.60
Andhra Pradesh,Andhra Pradesh Central Power Distribution Company Limited,5.51,13501.48,N.A.,19.90,N.A.,6.90,N.A.,2.70
Arunachal Pradesh,Department of Power Arunachal Pradesh,0.27,490.82,184.42,51.26,3.17,14.45,3.76,-525.03
Assam,Assam Power Distribution Company Limited,6.40,7457.84,5380.29,18.73,4.28,8.64,7.21,-520.60
Bihar,North Bihar Power Distribution Company Limited,10.79,11246.31,7656.77,26.23,4.76,7.31,6.81,-341.20
Bihar,South Bihar Power Distribution Company Limited,6.15,12961.90,8995.92,37.02,5.20,7.18,6.94,141.52
Chandigarh,Chandigarh Electricity Department,0.23,1342.09,702.04,11.89,3.20,4.56,5.23,90.03
Chhattisgarh,Chhattisgarh State Power Distribution Company Limited,6.15,23361.34,13127.33,20.40,3.60,7.54,5.62,-888.44
Dadra and Nagar Haveli,DNH Power Distribution Corporation Ltd,0.08,5298.30,2872.78,3.46,3.90,5.13,5.42,33.15
Daman and Diu,Electricity Department Daman And Diu,0.07,2126.90,1036.90,4.48,3.85,5.15,4.88,-4.84
Delhi,New Delhi Municipal Council,0.06,1010.20,1055.64,4.18,6.39,12.24,10.45,-186.62
Delhi,BSES Rajdhani Power Limited,2.74,11077.30,8086.30,6.87,6.82,8.29,7.30,-1406.50
Delhi,BSES Yamuna Power Limited,1.77,5865.55,4914.98,7.46,3.43,7.52,8.38,-375.70
Delhi,Tata Power Delhi Distribution Limited,1.82,8309.00,6377.95,6.46,4.70,8.43,7.68,-708.82
Goa,"Electricity Department, Government of Goa",0.68,4179.35,1985.41,12.94,3.17,5.57,4.75,-342.23
Gujarat,Uttar Gujarat Vij Company Limited,3.81,23536.14,11907.56,7.41,3.47,5.47,5.06,60.98
Gujarat,Madhya Gujarat Vij Company Limited,3.37,9955.67,6171.57,9.96,3.47,6.43,6.20,53.03
Gujarat,Paschim Gujarat Vij Company Limited,5.67,28622.00,16264.52,18.30,3.47,6.06,5.68,-296.79
Gujarat,Dakshin Gujarat Vij Company Limited,3.50,17566.00,11697.15,8.84,3.47,7.00,6.66,103.57
Gujarat,Torrent Power Limited,N.A.,10004.01,7325.29,12.42,5.35,19.09,7.32,-748.53
Haryana,Uttar Haryana Bijli Vitran Nigam,3.32,17559.92,9295.58,16.55,3.72,6.93,5.29,397.07
Haryana,Dakshin Haryana Bijli Vitran Nigam,4.03,22080.30,10505.39,16.00,3.73,6.53,4.76,239.62
Himachal Pradesh,Himachal Pradesh State Electricity Board Limited,2.57,8635.31,4969.17,14.02,2.61,6.25,5.75,340.50
Jammu and Kashmir,J&K Power Development Department,N.A.,N.A.,N.A.,N.A.,2.69,N.A.,N.A.,N.A.
Jammu and Kashmir,Jammu Power Distribution Corporation Limited,1.08,4356.30,1448.60,52.17,N.A.,8.75,3.33,-2533.80
Jammu and Kashmir,Kashmir Power Distribution Corporation Limited,1.02,3363.94,1145.02,69.01,N.A.,15.21,3.40,-3970.80
Jharkhand,Jharkhand Bijli Vitran Nigam Limited,4.72,9893.83,6463.84,N.A.,3.43,6.39,6.53,137.47
Jharkhand,"Damodar Valley Corporation, Jharkhand",N.A.,N.A.,N.A.,N.A.,5.40,N.A.,N.A.,N.A.
Karnataka,Hubli Electricity Supply Company Limited,5.47,10974.35,7710.11,14.15,4.01,9.49,7.03,-2490.25
Karnataka,Mangalore Electricity Supply Company Limited,2.50,5057.96,3600.11,12.08,4.15,7.60,7.12,-52.97
Karnataka,Bangalore Electricity Supply Company Limited,12.82,25262.93,19705.54,13.70,4.36,7.88,7.80,208.23
Karnataka,Chamundeshwari Electricity Supply Corporation Limited,3.42,6302.81,4289.59,20.05,3.88,8.43,6.81,-723.18
Karnataka,Gulbarga Electricity Supply Company Limited,3.35,7002.24,5062.62,12.81,3.91,9.29,7.23,-1116.68
Kerala,Kerala State Electricity Board,13.31,23957.27,13874.17,10.38,3.94,6.43,5.79,-944.74
Ladakh,Ladakh Power Development Department,0.05,126.53,62.99,48.17,N.A.,11.14,4.98,-90.79
Lakshadweep,"Department of Electricity, UT of Lakshadweep",0.03,52.54,25.02,11.63,17.28,27.88,4.76,-121.47
Madhya Pradesh,Madhya Pradesh Madhya Kshetra Vidyut Vitaran Company Ltd,4.78,18114.00,11581.00,49.04,3.43,6.69,6.39,-228.70
Madhya Pradesh,Madhya Pradesh Pashchim Kshetra Vidyut Vitaran Company Ltd,5.65,21892.00,14246.00,30.28,3.43,6.64,6.51,-285.67
Madhya Pradesh,Madhya Pradesh Poorv Kshetra Vidyut Vitaran Company Ltd,6.24,17885.00,11119.00,45.39,3.43,6.49,6.22,-215.46
Maharashtra,Adani Electricity Mumbai Limited,2.54,8834.28,6521.73,N.A.,4.01,6.69,7.38,1297.36
Maharashtra,Maharashtra State Electricity Distribution Company Limited,28.47,107177.17,70810.83,20.76,4.18,7.38,6.61,-1316.16
Maharashtra,Tata Power Company Limited,N.A.,N.A.,N.A.,N.A.,4.42,N.A.,N.A.,N.A.
Maharashtra,Brihan Mumbai Electric Supply & Transport Undertaking,1.04,3838.42,2855.27,6.64,3.77,8.34,7.44,311.35
Manipur,Manipur State Power Distribution Company Limited,0.50,748.19,480.88,20.33,4.33,7.09,6.43,79.78
Meghalaya,Meghalaya Energy Corporation Limited,0.54,1062.36,689.38,30.88,2.46,7.76,6.49,-134.75
Mizoram,"Power & Electricity Department, Mizoram",0.26,514.65,282.27,36.53,4.99,11.15,5.48,108.40
Nagaland,Department of Power Nagaland,0.34,677.23,396.51,60.39,4.17,10.19,5.85,-293.92
Odisha,Tata Power Northern Odisha Distribution Limited (erstwhile NESCO),2.04,3899.33,2677.46,25.17,2.50,4.97,6.87,11.73
Odisha,Tata Power Southern Odisha Distribution Limited (erstwhile SouthCO),2.64,2896.41,1372.94,29.99,2.50,4.48,4.74,10.57
Odisha,Tata Power Central Odisha Distribution Limited (erstwhile CESCO),2.79,6202.32,3403.51,29.54,2.50,4.65,5.49,-92.88
Odisha,Tata Power Western Odisha Distribution Limited (erstwhile WESCO),2.11,5775.84,3109.63,26.78,2.50,6.24,5.38,-454.65
Puducherry,Puducherry Electricity Department,0.53,2522.05,1433.57,19.90,3.90,5.74,5.68,-13.79
Punjab,Punjab State Power Corporation Limited,9.91,49565.63,31744.37,18.03,3.91,6.35,6.40,1669.85
Rajasthan,Jaipur Vidyut Vitran Nigam Limited,5.00,24661.00,18782.00,25.22,4.03,7.64,7.62,855.00
Rajasthan,Jodhpur Vidyut Vitran Nigam Limited,4.47,21519.00,14835.00,30.87,4.01,7.68,6.89,-969.00
Rajasthan,Ajmer Vidyut Vitran Nigam Limited,5.13,18034.00,13713.00,21.60,3.94,7.72,7.60,263.00
Sikkim,Energy and power department (Govt. of Sikkim),0.12,403.72,259.71,29.37,3.78,4.87,6.43,-17.74
Tamil Nadu,Tamil Nadu Generation and Distribution Corporation Limited,31.59,73622.00,39400.00,13.81,4.37,8.30,5.35,-18973.00
Telangana,Telangana State Northern Power Distribution Company Limited,6.18,18773.93,6610.52,9.03,4.32,7.51,3.52,-2438.23
Telangana,Telangana State Southern Power Distribution Company Limited,9.11,38274.67,19340.87,15.48,4.48,7.42,5.05,-4245.95
Tripura,Tripura State Electricity Corporation Limited,0.93,982.34,583.05,37.36,4.12,5.91,5.94,-3.32
Uttar Pradesh,Dakshinanchal Vidyut Vitran Nigam Ltd,6.11,19183.13,11782.22,31.89,4.23,6.40,6.14,804.47
Uttar Pradesh,Madhyanchal Vidyut Vitran Nigam Ltd,8.07,18765.24,12594.19,32.54,4.23,7.27,6.71,987.69
Uttar Pradesh,Purvanchal Vidhyut Vitaran Nigam Ltd,8.73,21903.09,13588.44,32.44,4.23,6.33,6.20,12.47
Uttar Pradesh,Pashchimanchal Vidyut Vitran Nigam Ltd,6.67,27491.61,18849.33,17.85,4.23,6.80,6.86,1191.56
Uttar Pradesh,Kanpur Electricity Supply Company,0.66,3029.00,2703.17,12.45,4.23,8.09,8.92,92.72
Uttar Pradesh,Noida Power Company Limited,0.11,2012.05,1677.21,8.78,4.21,9.04,8.34,-136.79
Uttarakhand,Uttarakhand Power Corporation Limited,2.65,11342.74,6174.60,15.39,3.58,5.48,5.44,-6.87
West Bengal,"Damodar Valley Corporation, West Bengal",N.A.,N.A.,N.A.,N.A.,5.40,N.A.,N.A.,N.A.
West Bengal,West Bengal State Electricity Distribution Company Limited,20.77,29555.70,21333.03,21.35,3.51,8.25,7.22,48.05
West Bengal,Calcutta Electric Supply Corporation,N.A.,N.A.,N.A.,N.A.,3.98,6.93,N.A.,781.01
Andaman and Nicobar Islands,"Electricity Department, UT of Andaman & Nicobar",0.14,265.31,187.94,N.A.,18.72,35.13,7.08,-744.18
Andhra Pradesh,Andhra Pradesh Eastern Power Distribution Company Limited,6.58,22537.46,12146.42,7.84,3.95,6.63,5.39,366.52
Andhra Pradesh,Andhra Pradesh Southern Power Distribution Company Limited,11.67,23173.12,9954.55,15.45,3.68,9.40,4.30,-2054.24
Andhra Pradesh,Andhra Pradesh Central Power Distribution Company Limited,5.58,14391.76,7985.40,10.01,3.99,7.37,5.55,-800.86
Arunachal Pradesh,Department of Power Arunachal Pradesh,0.28,543.83,203.32,44.65,3.13,13.16,3.74,-512.10
Assam,Assam Power Distribution Company Limited,6.97,8036.20,5661.17,N.A.,4.08,7.55,7.04,123.65
Bihar,North Bihar Power Distribution Company Limited,11.15,11544.58,8271.00,24.10,4.47,6.04,7.16,1345.89
Bihar,South Bihar Power Distribution Company Limited,6.39,13428.07,10046.73,15.00,4.43,8.53,7.48,-1346.55
Chandigarh,Chandigarh Electricity Department,0.23,1501.44,784.13,N.A.,3.03,5.17,5.22,8.52
Chhattisgarh,Chhattisgarh State Power Distribution Company Limited,6.67,25201.65,15857.80,N.A.,3.39,7.92,6.29,-2162.28
Dadra and Nagar Haveli,DNH Power Distribution Corporation Ltd,0.08,6660.36,3535.70,N.A.,3.69,5.32,5.31,-96.20
Daman and Diu,Electricity Department Daman And Diu,0.07,2435.58,1273.67,N.A.,3.77,5.48,5.23,-43.49
Delhi,New Delhi Municipal Council,0.06,1217.76,1153.03,9.21,6.32,9.15,9.47,58.64
Delhi,BSES Rajdhani Power Limited,2.85,12363.00,8367.03,8.45,3.92,7.62,6.77,17.88
Delhi,BSES Yamuna Power Limited,1.81,6412.00,4280.81,9.19,3.49,7.42,6.68,11.57
Delhi,Tata Power Delhi Distribution Limited,1.85,9203.34,6476.00,8.27,4.57,7.66,7.04,24.95
Goa,"Electricity Department, Government of Goa",0.70,4085.77,1922.22,N.A.,2.91,5.63,4.70,-378.82
Gujarat,Uttar Gujarat Vij Company Limited,3.96,26157.28,14732.43,N.A.,3.63,5.97,5.63,77.68
Gujarat,Madhya Gujarat Vij Company Limited,3.45,11541.34,7357.17,N.A.,3.63,6.37,6.37,97.44
Gujarat,Paschim Gujarat Vij Company Limited,5.77,31438.47,19731.46,N.A.,3.63,6.70,6.28,-1144.22
Gujarat,Dakshin Gujarat Vij Company Limited,3.65,24748.00,16764.06,9.24,3.63,6.99,6.77,91.43
Gujarat,Torrent Power Limited,N.A.,11681.07,8324.57,N.A.,5.80,19.82,7.13,-384.33
Haryana,Uttar Haryana Bijli Vitran Nigam,3.46,19066.30,10151.76,12.70,3.94,7.39,5.32,77.78
Haryana,Dakshin Haryana Bijli Vitran Nigam,4.32,26711.78,12414.57,12.59,3.94,6.89,4.65,178.97
Himachal Pradesh,Himachal Pradesh State Electricity Board Limited,2.65,10198.08,5680.37,N.A.,2.74,6.14,5.57,451.14
Jammu and Kashmir,J&K Power Development Department,N.A.,N.A.,N.A.,N.A.,2.69,N.A.,N.A.,N.A.
Jammu and Kashmir,Jammu Power Distribution Corporation Limited,1.10,4758.70,1476.20,50.00,N.A.,7.31,3.10,-2003.24
Jammu and Kashmir,Kashmir Power Distribution Corporation Limited,1.06,3879.20,1290.95,65.00,N.A.,12.09,3.33,-3400.60
Jharkhand,Jharkhand Bijli Vitran Nigam Limited,5.17,10282.00,6712.63,N.A.,3.65,N.A.,6.53,N.A.
Jharkhand,"Damodar Valley Corporation, Jharkhand",N.A.,N.A.,N.A.,N.A.,6.37,N.A.,N.A.,N.A.
Karnataka,Hubli Electricity Supply Company Limited,5.66,11761.96,8687.52,N.A.,4.44,8.37,7.39,-1293.65
Karnataka,Mangalore Electricity Supply Company Limited,2.56,5168.10,3941.04,N.A.,3.73,7.83,7.63,32.70
Karnataka,Bangalore Electricity Supply Company Limited,13.33,26684.73,21553.06,9.64,4.40,9.25,8.08,-2919.53
Karnataka,Chamundeshwari Electricity Supply Corporation Limited,3.58,6684.21,4753.23,13.24,3.92,8.36,7.11,-422.84
Karnataka,Gulbarga Electricity Supply Company Limited,3.46,7794.68,5751.80,10.68,3.98,7.64,7.38,-230.60
Kerala,Kerala State Electricity Board,13.68,24991.46,14523.34,10.07,3.88,6.60,5.81,-998.56
Ladakh,Ladakh Power Development Department,0.05,147.74,65.87,49.04,N.A.,11.21,4.46,-105.14
Lakshadweep,"Department of Electricity, UT of Lakshadweep",0.03,55.01,25.39,N.A.,18.14,32.21,4.62,-151.83
Madhya Pradesh,Madhya Pradesh Madhya Kshetra Vidyut Vitaran Company Ltd,4.91,20273.41,13276.77,N.A.,3.59,7.47,6.55,-1550.29
Madhya Pradesh,Madhya Pradesh Pashchim Kshetra Vidyut Vitaran Company Ltd,5.79,24511.26,16448.37,N.A.,3.59,5.86,6.71,2224.91
Madhya Pradesh,Madhya Pradesh Poorv Kshetra Vidyut Vitaran Company Ltd,6.41,19478.77,12413.48,N.A.,3.59,7.00,6.37,-938.44
Maharashtra,Adani Electricity Mumbai Limited,2.59,9048.89,6647.65,N.A.,3.98,6.44,7.35,1612.30
Maharashtra,Maharashtra State Electricity Distribution Company Limited,29.07,111635.94,85717.94,15.49,4.65,7.43,7.68,180.98
Maharashtra,Tata Power Company Limited,N.A.,N.A.,N.A.,N.A.,4.34,N.A.,N.A.,N.A.
Maharashtra,Brihan Mumbai Electric Supply & Transport Undertaking,1.07,4683.76,3390.31,N.A.,3.79,6.91,7.24,188.74
Manipur,Manipur State Power Distribution Company Limited,0.51,706.72,526.76,N.A.,4.30,10.81,7.45,63.91
Meghalaya,Meghalaya Energy Corporation Limited,0.65,1470.79,921.44,N.A.,3.15,5.94,6.26,47.39
Mizoram,"Power & Electricity Department, Mizoram",0.28,624.98,332.25,N.A.,5.00,7.65,5.32,-145.86
Nagaland,Department of Power Nagaland,0.37,715.15,425.54,N.A.,3.88,8.49,5.95,-8.08
Odisha,Tata Power Northern Odisha Distribution Limited (erstwhile NESCO),2.18,4801.03,2545.62,22.20,2.47,5.30,5.30,0.63
Odisha,Tata Power Southern Odisha Distribution Limited (erstwhile SouthCO),2.39,2998.74,1522.73,32.00,2.47,5.07,5.08,1.54
Odisha,Tata Power Central Odisha Distribution Limited (erstwhile CESCO),2.93,6732.59,3862.80,25.10,2.47,5.80,5.74,24.36
Odisha,Tata Power Western Odisha Distribution Limited (erstwhile WESCO),2.29,6914.26,3705.76,24.54,2.47,5.25,5.36,74.22
Puducherry,Puducherry Electricity Department,0.51,2773.64,1538.09,N.A.,3.84,5.59,5.55,65.78
Punjab,Punjab State Power Corporation Limited,10.12,53712.00,34604.01,N.A.,4.06,6.44,6.44,1667.77
Rajasthan,Jaipur Vidyut Vitran Nigam Limited,4.73,26655.60,20263.68,16.81,4.04,8.50,7.60,-1704.44
Rajasthan,Jodhpur Vidyut Vitran Nigam Limited,4.37,23174.00,17262.00,21.88,4.07,9.28,7.45,-3782.08
Rajasthan,Ajmer Vidyut Vitran Nigam Limited,5.27,19987.50,15592.07,12.73,4.04,8.80,7.80,-1450.88
Sikkim,Energy and power department (Govt. of Sikkim),0.12,413.08,268.54,N.A.,3.79,4.95,6.50,-18.41
Tamil Nadu,Tamil Nadu Generation and Distribution Corporation Limited,32.45,83867.00,46803.00,N.A.,4.94,8.08,5.58,-20931.00
Telangana,Telangana State Northern Power Distribution Company Limited,6.35,18641.82,7029.45,13.11,4.51,8.33,3.77,-204.03
Telangana,Telangana State Southern Power Distribution Company Limited,9.60,42579.98,22174.20,N.A.,4.53,6.50,5.21,-626.80
Tripura,Tripura State Electricity Corporation Limited,0.93,1026.05,598.35,N.A.,4.06,5.99,5.83,46.63
Uttar Pradesh,Dakshinanchal Vidyut Vitran Nigam Ltd,6.37,20926.42,12031.14,N.A.,4.30,7.73,5.75,-887.68
Uttar Pradesh,Madhyanchal Vidyut Vitran Nigam Ltd,8.52,20585.00,12389.42,N.A.,4.30,7.93,6.02,-819.29
Uttar Pradesh,Purvanchal Vidhyut Vitaran Nigam Ltd,8.97,22031.00,14413.91,N.A.,4.30,7.89,6.54,-919.00
Uttar Pradesh,Pashchimanchal Vidyut Vitran Nigam Ltd,6.95,29511.00,19098.18,N.A.,4.30,6.33,6.47,-1149.56
Uttar Pradesh,Kanpur Electricity Supply Company,0.69,3490.00,2768.82,N.A.,4.30,8.35,7.93,-97.20
Uttar Pradesh,Noida Power Company Limited,0.13,2375.83,1943.35,18.94,4.64,8.72,8.18,-123.15
Uttarakhand,Uttarakhand Power Corporation Limited,2.80,12438.60,7098.82,N.A.,3.60,6.13,5.71,-470.62
West Bengal,"Damodar Valley Corporation, West Bengal",N.A.,N.A.,N.A.,N.A.,6.37,N.A.,N.A.,N.A.
West Bengal,West Bengal State Electricity Distribution Company Limited,21.50,33222.55,24109.26,16.65,3.41,7.39,7.26,68.37
West Bengal,Calcutta Electric Supply Corporation,N.A.,N.A.,N.A.,N.A.,3.98,6.94,N.A.,801.08
Andaman and Nicobar Islands,"Electricity Department, UT of Andaman & Nicobar",0.15,277.20,195.35,N.A.,N.A.,35.92,7.05,-800.35
Andhra Pradesh,Andhra Pradesh Eastern Power Distribution Company Limited,6.79,24665.47,14086.25,10.92,4.24,6.72,5.71,-2899.18
Andhra Pradesh,Andhra Pradesh Southern Power Distribution Company Limited,12.06,25937.53,13158.05,12.84,4.40,7.18,5.07,-5559.99
Andhra Pradesh,Andhra Pradesh Central Power Distribution Company Limited,5.65,15226.56,8569.42,12.38,4.24,7.09,5.63,-2664.04
Arunachal Pradesh,Department of Power Arunachal Pradesh,0.29,596.87,220.99,37.31,3.08,12.11,3.70,-501.66
Assam,Assam Power Distribution Company Limited,N.A.,9067.00,6967.56,N.A.,4.14,8.14,7.68,-545.76
Bihar,North Bihar Power Distribution Company Limited,11.58,13779.26,9909.15,15.00,4.29,7.69,7.19,-661.31
Bihar,South Bihar Power Distribution Company Limited,6.60,16055.42,11816.66,15.00,4.33,6.96,7.36,654.61
Chandigarh,Chandigarh Electricity Department,0.24,1637.22,840.04,N.A.,3.75,5.71,5.13,-94.71
Chhattisgarh,Chhattisgarh State Power Distribution Company Limited,7.11,27503.18,16726.02,N.A.,3.35,5.56,6.08,1446.05
Dadra and Nagar Haveli,DNH Power Distribution Corporation Ltd,0.09,6923.88,3530.32,N.A.,N.A.,5.17,5.10,-50.10
Daman and Diu,Electricity Department Daman And Diu,0.07,2563.65,1259.57,N.A.,N.A.,5.20,4.91,-72.55
Delhi,New Delhi Municipal Council,0.06,1357.42,1277.54,8.96,5.22,10.18,9.41,-104.79
Delhi,BSES Rajdhani Power Limited,2.98,13571.70,9088.00,8.36,4.09,8.99,6.70,-3153.80
Delhi,BSES Yamuna Power Limited,1.87,6959.00,4565.00,8.98,3.99,9.04,6.56,-1751.00
Delhi,Tata Power Delhi Distribution Limited,1.91,8752.01,6156.46,8.16,4.71,9.26,7.03,-1979.58
Goa,"Electricity Department, Government of Goa",0.72,4241.87,1992.54,N.A.,3.96,5.68,4.70,-415.61
Gujarat,Uttar Gujarat Vij Company Limited,4.09,25909.00,8998.00,N.A.,3.45,5.54,3.47,370.05
Gujarat,Madhya Gujarat Vij Company Limited,3.54,11419.00,5166.29,N.A.,3.45,6.47,4.52,167.62
Gujarat,Paschim Gujarat Vij Company Limited,5.93,31141.00,12563.02,N.A.,3.45,6.01,4.03,491.91
Gujarat,Dakshin Gujarat Vij Company Limited,3.79,23325.00,11689.19,N.A.,3.45,6.96,5.01,332.56
Gujarat,Torrent Power Limited,N.A.,11658.16,8140.60,N.A.,4.84,18.57,6.98,1.75
Haryana,Uttar Haryana Bijli Vitran Nigam,3.61,21405.20,10922.37,14.43,4.43,7.53,5.10,-2119.31
Haryana,Dakshin Haryana Bijli Vitran Nigam,4.62,29720.39,16913.55,14.43,4.43,7.35,5.69,-1837.91
Himachal Pradesh,Himachal Pradesh State Electricity Board Limited,2.73,10842.72,7482.06,N.A.,2.76,5.99,6.90,1220.41
Jammu and Kashmir,J&K Power Development Department,N.A.,N.A.,N.A.,N.A.,N.A.,N.A.,N.A.,N.A.
Jammu and Kashmir,Jammu Power Distribution Corporation Limited,1.11,4934.50,1924.00,44.00,N.A.,7.45,3.90,-1751.17
Jammu and Kashmir,Kashmir Power Distribution Corporation Limited,1.13,4220.66,1431.92,54.00,N.A.,10.23,3.39,-2360.30
Jharkhand,Jharkhand Bijli Vitran Nigam Limited,N.A.,N.A.,N.A.,N.A.,3.89,N.A.,N.A.,N.A.
Jharkhand,"Damodar Valley Corporation, Jharkhand",N.A.,N.A.,N.A.,N.A.,6.35,N.A.,N.A.,N.A.
Karnataka,Hubli Electricity Supply Company Limited,5.97,12082.24,10040.21,N.A.,3.85,8.31,8.31,-423.79
Karnataka,Mangalore Electricity Supply Company Limited,2.65,5387.53,4378.06,N.A.,3.28,8.13,8.13,-188.56
Karnataka,Bangalore Electricity Supply Company Limited,13.90,29396.61,25576.77,N.A.,4.56,8.70,8.70,-1028.88
Karnataka,Chamundeshwari Electricity Supply Corporation Limited,3.68,6911.07,5603.95,N.A.,3.68,8.11,8.11,-241.91
Karnataka,Gulbarga Electricity Supply Company Limited,3.59,7921.90,6426.50,N.A.,4.09,8.11,8.11,-277.27
Kerala,Kerala State Electricity Board,14.07,24876.32,15337.61,12.11,3.91,7.22,6.17,-1927.19
Ladakh,Ladakh Power Development Department,0.06,170.22,74.49,42.90,N.A.,10.13,4.38,-107.07
Lakshadweep,"Department of Electricity, UT of Lakshadweep",0.03,56.99,26.48,N.A.,N.A.,32.95,4.65,-161.32
Madhya Pradesh,Madhya Pradesh Madhya Kshetra Vidyut Vitaran Company Ltd,5.06,22275.92,15106.89,N.A.,3.16,6.89,6.78,0.23
Madhya Pradesh,Madhya Pradesh Pashchim Kshetra Vidyut Vitaran Company Ltd,5.94,27028.30,17872.70,N.A.,3.15,6.67,6.61,0.29
Madhya Pradesh,Madhya Pradesh Poorv Kshetra Vidyut Vitaran Company Ltd,6.58,19497.42,12992.04,N.A.,3.16,6.77,6.66,0.20
Maharashtra,Adani Electricity Mumbai Limited,2.63,9266.89,6793.26,N.A.,4.00,6.51,7.33,1582.79
Maharashtra,Maharashtra State Electricity Distribution Company Limited,30.23,116132.00,92479.07,N.A.,4.73,7.41,7.96,8458.43
Maharashtra,Tata Power Company Limited,N.A.,N.A.,N.A.,N.A.,4.25,N.A.,N.A.,N.A.
Maharashtra,Brihan Mumbai Electric Supply & Transport Undertaking,1.08,4726.99,3408.56,N.A.,N.A.,6.95,7.21,157.73
Manipur,Manipur State Power Distribution Company Limited,0.51,759.66,551.25,N.A.,4.33,11.33,7.26,-7.88
Meghalaya,Meghalaya Energy Corporation Limited,0.66,1547.38,979.99,14.64,3.45,5.80,6.33,82.82
Mizoram,"Power & Electricity Department, Mizoram",0.29,541.86,378.92,N.A.,5.02,9.46,6.99,-109.22
Nagaland,Department of Power Nagaland,0.33,713.40,419.42,N.A.,4.72,8.85,5.88,-33.94
Odisha,Tata Power Northern Odisha Distribution Limited (erstwhile NESCO),2.33,4915.29,2701.03,19.17,2.54,5.49,5.50,0.94
Odisha,Tata Power Southern Odisha Distribution Limited (erstwhile SouthCO),2.47,3292.70,1694.00,25.75,2.54,5.13,5.14,4.73
Odisha,Tata Power Central Odisha Distribution Limited (erstwhile CESCO),2.94,7787.00,4573.70,23.70,2.54,5.49,5.87,1.78
Odisha,Tata Power Western Odisha Distribution Limited (erstwhile WESCO),2.52,7477.19,4119.48,24.16,2.54,5.46,5.51,40.14
Puducherry,Puducherry Electricity Department,0.51,2826.36,1569.05,N.A.,N.A.,5.68,5.55,41.03
Punjab,Punjab State Power Corporation Limited,10.33,55892.00,36149.58,N.A.,4.50,6.76,6.47,47.95
Rajasthan,Jaipur Vidyut Vitran Nigam Limited,5.09,29068.98,23266.00,16.81,4.00,8.61,8.00,-122.00
Rajasthan,Jodhpur Vidyut Vitran Nigam Limited,4.75,26008.00,19026.00,18.20,4.00,8.77,7.32,-776.00
Rajasthan,Ajmer Vidyut Vitran Nigam Limited,5.71,23083.00,18191.00,12.73,3.99,7.82,7.88,200.00
Sikkim,Energy and power department (Govt. of Sikkim),0.12,444.18,282.54,N.A.,3.43,5.15,6.36,-29.38
Tamil Nadu,Tamil Nadu Generation and Distribution Corporation Limited,33.34,86167.00,48064.00,N.A.,5.02,8.35,5.58,-23877.00
Telangana,Telangana State Northern Power Distribution Company Limited,6.53,20695.68,8179.72,N.A.,4.69,7.57,3.95,-7632.57
Telangana,Telangana State Southern Power Distribution Company Limited,10.11,48541.46,22246.38,N.A.,4.71,6.80,4.58,-6667.33
Tripura,Tripura State Electricity Corporation Limited,1.01,1072.54,613.08,N.A.,3.78,6.70,5.72,-79.29
Uttar Pradesh,Dakshinanchal Vidyut Vitran Nigam Ltd,6.75,22522.65,12837.99,N.A.,4.49,7.46,5.70,431.29
Uttar Pradesh,Madhyanchal Vidyut Vitran Nigam Ltd,8.94,21703.78,12983.22,N.A.,4.49,7.64,5.98,410.50
Uttar Pradesh,Purvanchal Vidhyut Vitaran Nigam Ltd,9.44,23522.32,13832.27,N.A.,4.49,7.41,5.88,413.41
Uttar Pradesh,Pashchimanchal Vidyut Vitran Nigam Ltd,7.46,32170.01,20698.12,N.A.,4.49,5.81,6.43,630.76
Uttar Pradesh,Kanpur Electricity Supply Company,0.72,3767.33,2898.02,N.A.,4.49,7.78,7.69,84.82
Uttar Pradesh,Noida Power Company Limited,0.15,2780.17,2268.87,10.22,N.A.,8.55,8.16,-102.11
Uttarakhand,Uttarakhand Power Corporation Limited,2.94,13060.04,7513.09,N.A.,4.32,5.90,5.75,-195.92
West Bengal,"Damodar Valley Corporation, West Bengal",N.A.,N.A.,N.A.,N.A.,6.35,N.A.,N.A.,N.A.
West Bengal,West Bengal State Electricity Distribution Company Limited,22.25,37607.18,27524.93,N.A.,3.35,N.A.,7.32,N.A.
West Bengal,Calcutta Electric Supply Corporation,N.A.,N.A.,N.A.,N.A.,N.A.,N.A.,N.A.,N.A.
